701,1,Penny Lane,York
702,2,Penny Lane,York
703,3,Penny Lane,York
704,4,Penny Lane,York
705,5,Penny Lane,York
706,6,Penny Lane,York
707,7,Penny Lane,York
708,8,Penny Lane,York
709,9,Penny Lane,York
710,10,Penny Lane,York
711,11,Penny Lane,York
712,12,Penny Lane,York
713,13,Penny Lane,York
714,14,Penny Lane,York
715,15,Penny Lane,York
716,16,Penny Lane,York
717,17,Penny Lane,York
718,18,Penny Lane,York
719,19,Penny Lane,York
720,20,Penny Lane,York
721,21,Penny Lane,York
722,22,Penny Lane,York
723,23,Penny Lane,York
724,24,Penny Lane,York
725,25,Penny Lane,York
726,26,Penny Lane,York
727,27,Penny Lane,York
728,28,Penny Lane,York
729,29,Penny Lane,York
730,30,Penny Lane,York
731,31,Penny Lane,York
732,32,Penny Lane,York
733,33,Penny Lane,York
734,34,Penny Lane,York
735,35,Penny Lane,York
736,36,Penny Lane,York
737,37,Penny Lane,York
738,38,Penny Lane,York
739,39,Penny Lane,York
740,40,Penny Lane,York
741,41,Penny Lane,York
742,42,Penny Lane,York
743,43,Penny Lane,York
744,44,Penny Lane,York
745,45,Penny Lane,York
746,46,Penny Lane,York
747,47,Penny Lane,York
748,48,Penny Lane,York
749,49,Penny Lane,York
750,50,Penny Lane,York
751,51,Penny Lane,York
752,52,Penny Lane,York
753,53,Penny Lane,York
754,54,Penny Lane,York
755,55,Penny Lane,York
756,56,Penny Lane,York
757,57,Penny Lane,York
758,58,Penny Lane,York
759,59,Penny Lane,York
760,60,Penny Lane,York
761,61,Penny Lane,York
762,62,Penny Lane,York
763,63,Penny Lane,York
764,64,Penny Lane,York
765,65,Penny Lane,York
766,66,Penny Lane,York
767,67,Penny Lane,York
768,68,Penny Lane,York
769,69,Penny Lane,York
770,70,Penny Lane,York
771,71,Penny Lane,York
772,72,Penny Lane,York
773,73,Penny Lane,York
774,74,Penny Lane,York
775,75,Penny Lane,York
776,76,Penny Lane,York
777,77,Penny Lane,York
778,78,Penny Lane,York
779,79,Penny Lane,York
780,80,Penny Lane,York
781,81,Penny Lane,York
782,82,Penny Lane,York
783,83,Penny Lane,York
784,84,Penny Lane,York
785,85,Penny Lane,York
786,86,Penny Lane,York
787,87,Penny Lane,York
788,88,Penny Lane,York
789,89,Penny Lane,York
790,90,Penny Lane,York
791,91,Penny Lane,York
792,92,Penny Lane,York
793,93,Penny Lane,York
794,94,Penny Lane,York
795,95,Penny Lane,York
796,96,Penny Lane,York
797,97,Penny Lane,York
798,98,Penny Lane,York
799,99,Penny Lane,York
800,100,Penny Lane,York
